gene,position,aa,percent,count,total,reason,isUnusual
RT,1,E,0.9591539022611233,1315,1371,PCNT,False
RT,1,D,0.03865791393143691,53,1371,PCNT,False
RT,1,K,0.002188183807439825,3,1371,PCNT,True
RT,2,D,0.9992706053975201,1370,1371,PCNT,False
RT,2,V,0.0007293946024799417,1,1371,PCNT,True
RT,3,W,0.9985412107950401,1369,1371,PCNT,False
RT,3,X,0.0007293946024799417,1,1371,PCNT,True
RT,3,R,0.0007293946024799417,1,1371,PCNT,True
RT,4,G,1.0,1371,1371,PCNT,False
RT,5,P,1.0,1371,1371,PCNT,False
RT,6,C,1.0,1371,1371,PCNT,False
RT,7,E,0.00437636761487965,6,1371,PCNT,True
RT,7,D,0.6761487964989059,927,1371,PCNT,False
RT,7,T,0.08825674690007294,121,1371,PCNT,False
RT,7,A,0.13129102844638948,180,1371,PCNT,False
RT,7,V,0.05689277899343545,78,1371,PCNT,False
RT,7,X,0.0029175784099197666,4,1371,PCNT,True
RT,7,G,0.015317286652078774,21,1371,PCNT,False
RT,7,H,0.0029175784099197666,4,1371,PCNT,False
RT,7,S,0.002188183807439825,3,1371,PCNT,False
RT,7,F,0.0175054704595186,24,1371,PCNT,False
RT,7,P,0.0007293946024799417,1,1371,PCNT,True
RT,7,I,0.0007293946024799417,1,1371,PCNT,False
RT,7,N,0.0007293946024799417,1,1371,PCNT,False
RT,8,E,0.9314369073668854,1277,1371,PCNT,False
RT,8,N,0.025528811086797956,35,1371,PCNT,False
RT,8,D,0.03938730853391685,54,1371,PCNT,False
RT,8,K,0.0014587892049598833,2,1371,PCNT,True
RT,8,G,0.0007293946024799417,1,1371,PCNT,True
RT,8,Z,0.0007293946024799417,1,1371,PCNT,True
RT,8,A,0.0007293946024799417,1,1371,PCNT,True
RT,9,H,0.9927060539752006,1361,1371,PCNT,False
RT,9,Y,0.0036469730123997084,5,1371,PCNT,False
RT,9,Q,0.002188183807439825,3,1371,PCNT,True
RT,9,R,0.0014587892049598833,2,1371,PCNT,True
RT,10,G,0.9985412107950401,1369,1371,PCNT,False
RT,10,R,0.0007293946024799417,1,1371,PCNT,True
RT,10,A,0.0007293946024799417,1,1371,PCNT,True
RT,11,E,0.9941648431801605,1363,1371,PCNT,False
RT,11,Q,0.002188183807439825,3,1371,PCNT,False
RT,11,K,0.0029175784099197666,4,1371,PCNT,False
RT,11,D,0.0007293946024799417,1,1371,PCNT,False
RT,12,H,0.9978118161925602,1368,1371,PCNT,False
RT,12,D,0.0007293946024799417,1,1371,PCNT,True
RT,12,C,0.0007293946024799417,1,1371,PCNT,True
RT,12,Y,0.0007293946024799417,1,1371,PCNT,True
RT,13,H,0.9919766593727206,1360,1371,PCNT,False
RT,13,Y,0.005105762217359592,7,1371,PCNT,False
RT,13,X,0.0014587892049598833,2,1371,PCNT,True
RT,13,P,0.0007293946024799417,1,1371,PCNT,True
RT,13,N,0.0007293946024799417,1,1371,PCNT,False
RT,14,I,1.0,1371,1371,PCNT,False
RT,15,R,0.9941648431801605,1363,1371,PCNT,False
RT,15,K,0.0014587892049598833,2,1371,PCNT,False
RT,15,E,0.0007293946024799417,1,1371,PCNT,True
RT,15,S,0.0014587892049598833,2,1371,PCNT,True
RT,15,G,0.002188183807439825,3,1371,PCNT,True
RT,16,I,0.9700948212983224,1330,1371,PCNT,False
RT,16,T,0.025528811086797956,35,1371,PCNT,False
RT,16,V,0.002188183807439825,3,1371,PCNT,True
RT,16,X,0.0007293946024799417,1,1371,PCNT,True
RT,16,S,0.0007293946024799417,1,1371,PCNT,True
RT,16,R,0.0007293946024799417,1,1371,PCNT,True
RT,17,P,0.9992706053975201,1370,1371,PCNT,False
RT,17,Q,0.0007293946024799417,1,1371,PCNT,True
RT,18,R,0.9810357403355215,1345,1371,PCNT,False
RT,18,K,0.01823486506199854,25,1371,PCNT,False
RT,18,X,0.0007293946024799417,1,1371,PCNT,True
RT,19,T,0.9985412107950401,1369,1371,PCNT,False
RT,19,A,0.0014587892049598833,2,1371,PCNT,True
RT,20,P,1.0,1371,1371,PCNT,False
RT,21,A,0.9956236323851203,1365,1371,PCNT,False
RT,21,S,0.0014587892049598833,2,1371,PCNT,False
RT,21,T,0.0014587892049598833,2,1371,PCNT,False
RT,21,X,0.0014587892049598833,2,1371,PCNT,True
RT,22,R,0.9978118161925602,1368,1371,PCNT,False
RT,22,H,0.0007293946024799417,1,1371,PCNT,True
RT,22,X,0.0007293946024799417,1,1371,PCNT,True
RT,22,P,0.0007293946024799417,1,1371,PCNT,True
RT,23,V,0.9992706053975201,1370,1371,PCNT,False
RT,23,I,0.0007293946024799417,1,1371,PCNT,False
RT,24,T,1.0,1371,1371,PCNT,False
RT,25,G,0.9985412107950401,1369,1371,PCNT,False
RT,25,S,0.0014587892049598833,2,1371,PCNT,True
RT,26,G,0.9992706053975201,1370,1371,PCNT,False
RT,26,E,0.0007293946024799417,1,1371,PCNT,True
RT,27,V,0.9985412107950401,1369,1371,PCNT,False
RT,27,I,0.0014587892049598833,2,1371,PCNT,False
RT,28,F,0.9992706053975201,1370,1371,PCNT,False
RT,28,L,0.0007293946024799417,1,1371,PCNT,True
RT,29,L,0.9992706053975201,1370,1371,PCNT,False
RT,29,I,0.0007293946024799417,1,1371,PCNT,True
RT,30,V,1.0,1371,1371,PCNT,False
RT,31,D,0.9978118161925602,1368,1371,PCNT,False
RT,31,E,0.0007293946024799417,1,1371,PCNT,True
RT,31,N,0.0007293946024799417,1,1371,PCNT,False
RT,31,G,0.0007293946024799417,1,1371,PCNT,True
RT,32,K,1.0,1371,1371,PCNT,False
RT,33,N,0.9992706053975201,1370,1371,PCNT,False
RT,33,S,0.0007293946024799417,1,1371,PCNT,False
RT,34,P,1.0,1371,1371,PCNT,False
RT,35,H,0.9992706053975201,1370,1371,PCNT,False
RT,35,Y,0.0007293946024799417,1,1371,PCNT,True
RT,36,N,1.0,1371,1371,PCNT,False
RT,37,T,0.9963530269876003,1366,1371,PCNT,False
RT,37,P,0.0007293946024799417,1,1371,PCNT,True
RT,37,N,0.002188183807439825,3,1371,PCNT,True
RT,37,A,0.0007293946024799417,1,1371,PCNT,False
RT,38,A,0.9664478482859227,1325,1371,PCNT,False
RT,38,E,0.002188183807439825,3,1371,PCNT,False
RT,38,T,0.02261123267687819,31,1371,PCNT,False
RT,38,S,0.006564551422319475,9,1371,PCNT,False
RT,38,X,0.002188183807439825,3,1371,PCNT,True
RT,39,E,0.9992706053975201,1370,1371,PCNT,False
RT,39,D,0.0007293946024799417,1,1371,PCNT,True
RT,40,S,0.9985412107950401,1369,1371,PCNT,False
RT,40,T,0.0007293946024799417,1,1371,PCNT,True
RT,40,Y,0.0007293946024799417,1,1371,PCNT,True
RT,41,R,0.9992706053975201,1370,1371,PCNT,False
RT,41,K,0.0007293946024799417,1,1371,PCNT,True
RT,42,L,1.0,1371,1371,PCNT,False
RT,43,V,1.0,1371,1371,PCNT,False
RT,44,V,1.0,1371,1371,PCNT,False
RT,45,D,0.9985412107950401,1369,1371,PCNT,False
RT,45,E,0.0007293946024799417,1,1371,PCNT,True
RT,45,G,0.0007293946024799417,1,1371,PCNT,True
RT,46,F,1.0,1371,1371,PCNT,False
RT,47,S,0.9985412107950401,1369,1371,PCNT,False
RT,47,L,0.0007293946024799417,1,1371,PCNT,True
RT,47,P,0.0007293946024799417,1,1371,PCNT,True
RT,48,Q,0.9992706053975201,1370,1371,PCNT,False
RT,48,P,0.0007293946024799417,1,1371,PCNT,True
RT,49,F,0.9948942377826404,1364,1371,PCNT,False
RT,49,L,0.0007293946024799417,1,1371,PCNT,True
RT,49,A,0.0007293946024799417,1,1371,PCNT,True
RT,49,P,0.002188183807439825,3,1371,PCNT,True
RT,49,S,0.0007293946024799417,1,1371,PCNT,True
RT,49,I,0.0007293946024799417,1,1371,PCNT,True
RT,50,S,0.9985412107950401,1369,1371,PCNT,False
RT,50,P,0.0007293946024799417,1,1371,PCNT,True
RT,50,Y,0.0007293946024799417,1,1371,PCNT,True
RT,51,R,0.9992706053975201,1370,1371,PCNT,False
RT,51,K,0.0007293946024799417,1,1371,PCNT,True
RT,52,G,0.9992706053975201,1370,1371,PCNT,False
RT,52,R,0.0007293946024799417,1,1371,PCNT,True
RT,53,A,0.005835156819839533,8,1371,PCNT,True
RT,53,I,0.6994894237782641,959,1371,PCNT,False
RT,53,L,0.07512764405543398,103,1371,PCNT,False
RT,53,T,0.08388037928519329,115,1371,PCNT,False
RT,53,P,0.0036469730123997084,5,1371,PCNT,True
RT,53,S,0.05105762217359591,70,1371,PCNT,False
RT,53,V,0.058351568198395334,80,1371,PCNT,False
RT,53,N,0.006564551422319475,9,1371,PCNT,False
RT,53,X,0.012399708242159009,17,1371,PCNT,True
RT,53,G,0.0014587892049598833,2,1371,PCNT,True
RT,53,H,0.0007293946024799417,1,1371,PCNT,False
RT,53,M,0.0007293946024799417,1,1371,PCNT,True
RT,53,D,0.0007293946024799417,1,1371,PCNT,False
RT,54,T,0.9693654266958425,1329,1371,PCNT,False
RT,54,N,0.009482129832239242,13,1371,PCNT,False
RT,54,H,0.0007293946024799417,1,1371,PCNT,False
RT,54,S,0.019693654266958426,27,1371,PCNT,False
RT,54,X,0.0007293946024799417,1,1371,PCNT,True
RT,55,R,0.9992706053975201,1370,1371,PCNT,False
RT,55,S,0.0007293946024799417,1,1371,PCNT,True
RT,56,V,1.0,1371,1371,PCNT,False
RT,57,S,0.9963530269876003,1366,1371,PCNT,False
RT,57,P,0.0029175784099197666,4,1371,PCNT,False
RT,57,H,0.0007293946024799417,1,1371,PCNT,True
RT,58,W,1.0,1371,1371,PCNT,False
RT,59,P,0.9992706053975201,1370,1371,PCNT,False
RT,59,A,0.0007293946024799417,1,1371,PCNT,True
RT,60,K,0.9978118161925602,1368,1371,PCNT,False
RT,60,R,0.002188183807439825,3,1371,PCNT,True
RT,61,F,1.0,1371,1371,PCNT,False
RT,62,A,1.0,1371,1371,PCNT,False
RT,63,V,0.9978118161925602,1368,1371,PCNT,False
RT,63,A,0.0014587892049598833,2,1371,PCNT,True
RT,63,I,0.0007293946024799417,1,1371,PCNT,True
RT,64,P,1.0,1371,1371,PCNT,False
RT,65,N,1.0,1371,1371,PCNT,False
RT,66,L,0.9985412107950401,1369,1371,PCNT,False
RT,66,P,0.0007293946024799417,1,1371,PCNT,True
RT,66,F,0.0007293946024799417,1,1371,PCNT,True
RT,67,Q,0.9992706053975201,1370,1371,PCNT,False
RT,67,H,0.0007293946024799417,1,1371,PCNT,True
RT,68,S,1.0,1371,1371,PCNT,False
RT,69,L,1.0,1371,1371,PCNT,False
RT,70,T,1.0,1371,1371,PCNT,False
RT,71,N,1.0,1371,1371,PCNT,False
RT,72,L,0.9992706053975201,1370,1371,PCNT,False
RT,72,F,0.0007293946024799417,1,1371,PCNT,True
RT,73,L,0.9992706053975201,1370,1371,PCNT,False
RT,73,P,0.0007293946024799417,1,1371,PCNT,True
RT,74,S,0.9963530269876003,1366,1371,PCNT,False
RT,74,P,0.0029175784099197666,4,1371,PCNT,True
RT,74,C,0.0007293946024799417,1,1371,PCNT,True
RT,75,S,0.9992706053975201,1370,1371,PCNT,False
RT,75,P,0.0007293946024799417,1,1371,PCNT,True
RT,76,N,0.9890590809628009,1356,1371,PCNT,False
RT,76,K,0.002188183807439825,3,1371,PCNT,True
RT,76,D,0.005105762217359592,7,1371,PCNT,False
RT,76,X,0.0007293946024799417,1,1371,PCNT,True
RT,76,B,0.002188183807439825,3,1371,PCNT,True
RT,76,Y,0.0007293946024799417,1,1371,PCNT,True
RT,77,L,1.0,1371,1371,PCNT,False
RT,78,S,0.9992706053975201,1370,1371,PCNT,False
RT,78,C,0.0007293946024799417,1,1371,PCNT,True
RT,79,W,1.0,1371,1371,PCNT,False
RT,80,L,0.9978118161925602,1368,1371,PCNT,False
RT,80,V,0.002188183807439825,3,1371,PCNT,False
RT,81,S,1.0,1371,1371,PCNT,False
RT,82,L,0.9978118161925602,1368,1371,PCNT,False
RT,82,R,0.0007293946024799417,1,1371,PCNT,True
RT,82,P,0.0014587892049598833,2,1371,PCNT,False
RT,83,D,1.0,1371,1371,PCNT,False
RT,84,V,0.9985412107950401,1369,1371,PCNT,False
RT,84,A,0.0014587892049598833,2,1371,PCNT,True
RT,85,S,0.9992706053975201,1370,1371,PCNT,False
RT,85,X,0.0007293946024799417,1,1371,PCNT,True
RT,86,A,1.0,1371,1371,PCNT,False
RT,87,A,1.0,1371,1371,PCNT,False
RT,88,F,1.0,1371,1371,PCNT,False
RT,89,Y,0.9985412107950401,1369,1371,PCNT,False
RT,89,C,0.0007293946024799417,1,1371,PCNT,True
RT,89,X,0.0007293946024799417,1,1371,PCNT,True
RT,90,H,1.0,1371,1371,PCNT,False
RT,91,I,0.9978118161925602,1368,1371,PCNT,False
RT,91,L,0.002188183807439825,3,1371,PCNT,False
RT,92,P,1.0,1371,1371,PCNT,False
RT,93,L,1.0,1371,1371,PCNT,False
RT,94,H,1.0,1371,1371,PCNT,False
RT,95,P,1.0,1371,1371,PCNT,False
RT,96,A,0.9985412107950401,1369,1371,PCNT,False
RT,96,_,0.0007293946024799417,1,1371,PCNT,True
RT,96,T,0.0007293946024799417,1,1371,PCNT,True
RT,97,A,1.0,1371,1371,PCNT,False
RT,98,M,1.0,1371,1371,PCNT,False
RT,99,P,0.9992706053975201,1370,1371,PCNT,False
RT,99,S,0.0007293946024799417,1,1371,PCNT,True
RT,100,H,1.0,1371,1371,PCNT,False
RT,101,L,0.9985412107950401,1369,1371,PCNT,False
RT,101,F,0.0014587892049598833,2,1371,PCNT,True
RT,102,L,0.9992706053975201,1370,1371,PCNT,False
RT,102,F,0.0007293946024799417,1,1371,PCNT,True
RT,103,I,0.9730123997082422,1334,1371,PCNT,False
RT,103,V,0.025528811086797956,35,1371,PCNT,False
RT,103,X,0.0007293946024799417,1,1371,PCNT,True
RT,103,F,0.0007293946024799417,1,1371,PCNT,True
RT,104,G,1.0,1371,1371,PCNT,False
RT,105,S,0.9824945295404814,1347,1371,PCNT,False
RT,105,T,0.016046681254558718,22,1371,PCNT,False
RT,105,F,0.0007293946024799417,1,1371,PCNT,True
RT,105,A,0.0007293946024799417,1,1371,PCNT,True
RT,106,S,0.986870897155361,1353,1371,PCNT,False
RT,106,X,0.0007293946024799417,1,1371,PCNT,True
RT,106,A,0.010940919037199124,15,1371,PCNT,False
RT,106,C,0.0014587892049598833,2,1371,PCNT,False
RT,107,G,1.0,1371,1371,PCNT,False
RT,108,L,0.9970824215900802,1367,1371,PCNT,False
RT,108,F,0.002188183807439825,3,1371,PCNT,True
RT,108,X,0.0007293946024799417,1,1371,PCNT,True
RT,109,S,0.9212253829321663,1263,1371,PCNT,False
RT,109,P,0.07658643326039387,105,1371,PCNT,False
RT,109,X,0.002188183807439825,3,1371,PCNT,True
RT,110,R,0.9686360320933625,1328,1371,PCNT,False
RT,110,G,0.023340627279358133,32,1371,PCNT,False
RT,110,X,0.0029175784099197666,4,1371,PCNT,True
RT,110,K,0.005105762217359592,7,1371,PCNT,False
RT,111,Y,0.9992706053975201,1370,1371,PCNT,False
RT,111,F,0.0007293946024799417,1,1371,PCNT,True
RT,112,V,0.9897884755652808,1357,1371,PCNT,False
RT,112,I,0.006564551422319475,9,1371,PCNT,False
RT,112,F,0.0029175784099197666,4,1371,PCNT,True
RT,112,X,0.0007293946024799417,1,1371,PCNT,True
RT,113,A,0.9970824215900802,1367,1371,PCNT,False
RT,113,G,0.0014587892049598833,2,1371,PCNT,True
RT,113,T,0.0014587892049598833,2,1371,PCNT,True
RT,114,R,1.0,1371,1371,PCNT,False
RT,115,L,0.9985412107950401,1369,1371,PCNT,False
RT,115,V,0.0007293946024799417,1,1371,PCNT,False
RT,115,M,0.0007293946024799417,1,1371,PCNT,False
RT,116,S,0.9985412107950401,1369,1371,PCNT,False
RT,116,F,0.0014587892049598833,2,1371,PCNT,True
RT,117,S,0.9956236323851203,1365,1371,PCNT,False
RT,117,Y,0.0014587892049598833,2,1371,PCNT,False
RT,117,T,0.0007293946024799417,1,1371,PCNT,False
RT,117,C,0.0014587892049598833,2,1371,PCNT,True
RT,117,P,0.0007293946024799417,1,1371,PCNT,False
RT,118,N,0.9883296863603209,1355,1371,PCNT,False
RT,118,T,0.007293946024799417,10,1371,PCNT,False
RT,118,X,0.0007293946024799417,1,1371,PCNT,True
RT,118,D,0.0014587892049598833,2,1371,PCNT,False
RT,118,H,0.0014587892049598833,2,1371,PCNT,False
RT,118,K,0.0007293946024799417,1,1371,PCNT,True
RT,119,S,0.9934354485776805,1362,1371,PCNT,False
RT,119,F,0.0007293946024799417,1,1371,PCNT,True
RT,119,A,0.0036469730123997084,5,1371,PCNT,True
RT,119,Y,0.0007293946024799417,1,1371,PCNT,True
RT,119,C,0.0014587892049598833,2,1371,PCNT,True
RT,120,R,0.9992706053975201,1370,1371,PCNT,False
RT,120,K,0.0007293946024799417,1,1371,PCNT,True
RT,121,I,0.9861415025528811,1352,1371,PCNT,False
RT,121,T,0.0007293946024799417,1,1371,PCNT,True
RT,121,N,0.011670313639679067,16,1371,PCNT,False
RT,121,S,0.0007293946024799417,1,1371,PCNT,True
RT,121,X,0.0007293946024799417,1,1371,PCNT,True
RT,122,N,0.7330415754923414,1005,1371,PCNT,False
RT,122,H,0.25164113785557984,345,1371,PCNT,False
RT,122,Y,0.008023340627279359,11,1371,PCNT,False
RT,122,X,0.0007293946024799417,1,1371,PCNT,True
RT,122,K,0.0014587892049598833,2,1371,PCNT,True
RT,122,P,0.0007293946024799417,1,1371,PCNT,True
RT,122,L,0.0014587892049598833,2,1371,PCNT,False
RT,122,I,0.0029175784099197666,4,1371,PCNT,False
RT,123,N,0.9919766593727206,1360,1371,PCNT,False
RT,123,X,0.0007293946024799417,1,1371,PCNT,True
RT,123,D,0.0029175784099197666,4,1371,PCNT,False
RT,123,S,0.0007293946024799417,1,1371,PCNT,True
RT,123,H,0.0029175784099197666,4,1371,PCNT,False
RT,123,B,0.0007293946024799417,1,1371,PCNT,True
RT,124,N,0.9452954048140044,1296,1371,PCNT,False
RT,124,H,0.04886943836615609,67,1371,PCNT,False
RT,124,K,0.0007293946024799417,1,1371,PCNT,True
RT,124,X,0.0007293946024799417,1,1371,PCNT,True
RT,124,D,0.0036469730123997084,5,1371,PCNT,False
RT,124,Y,0.0007293946024799417,1,1371,PCNT,False
RT,125,Q,0.9941648431801605,1363,1371,PCNT,False
RT,125,E,0.00437636761487965,6,1371,PCNT,False
RT,125,R,0.0007293946024799417,1,1371,PCNT,True
RT,125,K,0.0007293946024799417,1,1371,PCNT,False
RT,126,Y,0.8978847556528081,1231,1371,PCNT,False
RT,126,H,0.099927060539752,137,1371,PCNT,False
RT,126,X,0.002188183807439825,3,1371,PCNT,True
RT,127,G,0.9934354485776805,1362,1371,PCNT,False
RT,127,W,0.0014587892049598833,2,1371,PCNT,False
RT,127,R,0.00437636761487965,6,1371,PCNT,False
RT,127,X,0.0007293946024799417,1,1371,PCNT,True
RT,128,T,0.9671772428884027,1326,1371,PCNT,False
RT,128,I,0.0014587892049598833,2,1371,PCNT,False
RT,128,N,0.025528811086797956,35,1371,PCNT,False
RT,128,X,0.0014587892049598833,2,1371,PCNT,True
RT,128,A,0.0036469730123997084,5,1371,PCNT,False
RT,128,P,0.0007293946024799417,1,1371,PCNT,True
RT,129,L,0.3238512035010941,444,1371,PCNT,False
RT,129,M,0.6725018234865062,922,1371,PCNT,False
RT,129,X,0.0007293946024799417,1,1371,PCNT,True
RT,129,P,0.0014587892049598833,2,1371,PCNT,True
RT,129,V,0.0014587892049598833,2,1371,PCNT,False
RT,130,Q,0.9978118161925602,1368,1371,PCNT,False
RT,130,P,0.0007293946024799417,1,1371,PCNT,False
RT,130,R,0.0007293946024799417,1,1371,PCNT,True
RT,130,A,0.0007293946024799417,1,1371,PCNT,True
RT,131,N,0.9781181619256017,1341,1371,PCNT,False
RT,131,D,0.020423048869438368,28,1371,PCNT,False
RT,131,K,0.0014587892049598833,2,1371,PCNT,True
RT,132,L,0.9985412107950401,1369,1371,PCNT,False
RT,132,M,0.0014587892049598833,2,1371,PCNT,False
RT,133,H,1.0,1371,1371,PCNT,False
RT,134,D,0.9861415025528811,1352,1371,PCNT,False
RT,134,E,0.010211524434719184,14,1371,PCNT,False
RT,134,Y,0.0007293946024799417,1,1371,PCNT,True
RT,134,V,0.0007293946024799417,1,1371,PCNT,True
RT,134,G,0.0014587892049598833,2,1371,PCNT,False
RT,134,N,0.0007293946024799417,1,1371,PCNT,False
RT,135,S,0.9948942377826404,1364,1371,PCNT,False
RT,135,F,0.002188183807439825,3,1371,PCNT,False
RT,135,C,0.0014587892049598833,2,1371,PCNT,True
RT,135,X,0.0007293946024799417,1,1371,PCNT,True
RT,135,A,0.0007293946024799417,1,1371,PCNT,False
RT,136,C,0.9985412107950401,1369,1371,PCNT,False
RT,136,R,0.0007293946024799417,1,1371,PCNT,True
RT,136,X,0.0007293946024799417,1,1371,PCNT,True
RT,137,S,0.9963530269876003,1366,1371,PCNT,False
RT,137,T,0.0036469730123997084,5,1371,PCNT,False
RT,138,R,0.9948942377826404,1364,1371,PCNT,False
RT,138,K,0.00437636761487965,6,1371,PCNT,False
RT,138,E,0.0007293946024799417,1,1371,PCNT,True
RT,139,Q,0.987600291757841,1354,1371,PCNT,False
RT,139,E,0.002188183807439825,3,1371,PCNT,True
RT,139,X,0.0007293946024799417,1,1371,PCNT,True
RT,139,K,0.0007293946024799417,1,1371,PCNT,False
RT,139,H,0.0087527352297593,12,1371,PCNT,False
RT,140,L,0.9970824215900802,1367,1371,PCNT,False
RT,140,I,0.0014587892049598833,2,1371,PCNT,True
RT,140,P,0.0007293946024799417,1,1371,PCNT,True
RT,140,R,0.0007293946024799417,1,1371,PCNT,True
RT,141,Y,1.0,1371,1371,PCNT,False
RT,142,V,0.987600291757841,1354,1371,PCNT,False
RT,142,F,0.0007293946024799417,1,1371,PCNT,True
RT,142,A,0.002188183807439825,3,1371,PCNT,False
RT,142,X,0.0014587892049598833,2,1371,PCNT,True
RT,142,G,0.0007293946024799417,1,1371,PCNT,True
RT,142,I,0.002188183807439825,3,1371,PCNT,False
RT,142,D,0.0036469730123997084,5,1371,PCNT,False
RT,142,N,0.0007293946024799417,1,1371,PCNT,True
RT,142,S,0.0007293946024799417,1,1371,PCNT,True
RT,143,S,0.9956236323851203,1365,1371,PCNT,False
RT,143,T,0.0014587892049598833,2,1371,PCNT,True
RT,143,A,0.002188183807439825,3,1371,PCNT,True
RT,143,P,0.0007293946024799417,1,1371,PCNT,True
RT,144,L,0.9992706053975201,1370,1371,PCNT,False
RT,144,I,0.0007293946024799417,1,1371,PCNT,True
RT,145,M,0.986870897155361,1353,1371,PCNT,False
RT,145,L,0.012399708242159009,17,1371,PCNT,False
RT,145,V,0.0007293946024799417,1,1371,PCNT,True
RT,146,L,1.0,1371,1371,PCNT,False
RT,147,L,1.0,1371,1371,PCNT,False
RT,148,Y,0.9978118161925602,1368,1371,PCNT,False
RT,148,X,0.0007293946024799417,1,1371,PCNT,True
RT,148,C,0.0014587892049598833,2,1371,PCNT,True
RT,149,K,0.9854121079504011,1351,1371,PCNT,False
RT,149,N,0.0007293946024799417,1,1371,PCNT,True
RT,149,E,0.0007293946024799417,1,1371,PCNT,False
RT,149,X,0.0007293946024799417,1,1371,PCNT,True
RT,149,Q,0.011670313639679067,16,1371,PCNT,False
RT,149,R,0.0007293946024799417,1,1371,PCNT,True
RT,150,T,0.9992706053975201,1370,1371,PCNT,False
RT,150,I,0.0007293946024799417,1,1371,PCNT,True
RT,151,Y,0.9948942377826404,1364,1371,PCNT,False
RT,151,F,0.00437636761487965,6,1371,PCNT,False
RT,151,C,0.0007293946024799417,1,1371,PCNT,True
RT,152,G,1.0,1371,1371,PCNT,False
RT,153,W,0.888402625820569,1218,1371,PCNT,False
RT,153,R,0.10795040116703136,148,1371,PCNT,False
RT,153,X,0.0029175784099197666,4,1371,PCNT,True
RT,153,C,0.0007293946024799417,1,1371,PCNT,True
RT,154,K,0.9992706053975201,1370,1371,PCNT,False
RT,154,E,0.0007293946024799417,1,1371,PCNT,True
RT,155,L,0.9992706053975201,1370,1371,PCNT,False
RT,155,W,0.0007293946024799417,1,1371,PCNT,True
RT,156,H,1.0,1371,1371,PCNT,False
RT,157,L,0.9919766593727206,1360,1371,PCNT,False
RT,157,M,0.008023340627279359,11,1371,PCNT,False
RT,158,Y,0.9985412107950401,1369,1371,PCNT,False
RT,158,C,0.0014587892049598833,2,1371,PCNT,True
RT,159,S,0.9927060539752006,1361,1371,PCNT,False
RT,159,X,0.002188183807439825,3,1371,PCNT,True
RT,159,T,0.005105762217359592,7,1371,PCNT,True
RT,160,H,0.9978118161925602,1368,1371,PCNT,False
RT,160,X,0.002188183807439825,3,1371,PCNT,True
RT,161,P,1.0,1371,1371,PCNT,False
RT,162,I,0.9956236323851203,1365,1371,PCNT,False
RT,162,T,0.0029175784099197666,4,1371,PCNT,True
RT,162,L,0.0007293946024799417,1,1371,PCNT,True
RT,162,V,0.0007293946024799417,1,1371,PCNT,False
RT,163,V,0.6652078774617067,912,1371,PCNT,False
RT,163,I,0.33260393873085337,456,1371,PCNT,False
RT,163,X,0.0014587892049598833,2,1371,PCNT,True
RT,163,L,0.0007293946024799417,1,1371,PCNT,True
RT,164,L,0.9934354485776805,1362,1371,PCNT,False
RT,164,M,0.006564551422319475,9,1371,PCNT,False
RT,165,G,0.9992706053975201,1370,1371,PCNT,False
RT,165,D,0.0007293946024799417,1,1371,PCNT,True
RT,166,F,0.9978118161925602,1368,1371,PCNT,False
RT,166,X,0.002188183807439825,3,1371,PCNT,True
RT,167,R,0.9992706053975201,1370,1371,PCNT,False
RT,167,X,0.0007293946024799417,1,1371,PCNT,True
RT,168,K,1.0,1371,1371,PCNT,False
RT,169,I,0.9948942377826404,1364,1371,PCNT,False
RT,169,X,0.00437636761487965,6,1371,PCNT,True
RT,169,L,0.0007293946024799417,1,1371,PCNT,True
RT,170,P,0.9992706053975201,1370,1371,PCNT,False
RT,170,L,0.0007293946024799417,1,1371,PCNT,True
RT,171,M,0.9992706053975201,1370,1371,PCNT,False
RT,171,X,0.0007293946024799417,1,1371,PCNT,True
RT,172,G,1.0,1371,1371,PCNT,False
RT,173,V,0.987600291757841,1354,1371,PCNT,False
RT,173,L,0.010940919037199124,15,1371,PCNT,False
RT,173,M,0.0014587892049598833,2,1371,PCNT,True
RT,174,G,1.0,1371,1371,PCNT,False
RT,175,L,0.9985412107950401,1369,1371,PCNT,False
RT,175,P,0.0014587892049598833,2,1371,PCNT,True
RT,176,S,1.0,1371,1371,PCNT,False
RT,177,P,1.0,1371,1371,PCNT,False
RT,178,F,0.9970824215900802,1367,1371,PCNT,False
RT,178,S,0.0014587892049598833,2,1371,PCNT,True
RT,178,L,0.0014587892049598833,2,1371,PCNT,True
RT,179,L,0.9992706053975201,1370,1371,PCNT,False
RT,179,P,0.0007293946024799417,1,1371,PCNT,True
RT,180,L,0.8891320204230488,1219,1371,PCNT,False
RT,180,M,0.11086797957695113,152,1371,PCNT,False
RT,181,A,0.9985412107950401,1369,1371,PCNT,False
RT,181,S,0.0007293946024799417,1,1371,PCNT,True
RT,181,G,0.0007293946024799417,1,1371,PCNT,True
RT,182,Q,1.0,1371,1371,PCNT,False
RT,183,F,0.9978118161925602,1368,1371,PCNT,False
RT,183,S,0.002188183807439825,3,1371,PCNT,True
RT,184,T,0.9992706053975201,1370,1371,PCNT,False
RT,184,X,0.0007293946024799417,1,1371,PCNT,True
RT,185,S,0.9992706053975201,1370,1371,PCNT,False
RT,185,G,0.0007293946024799417,1,1371,PCNT,True
RT,186,A,0.9985412107950401,1369,1371,PCNT,False
RT,186,S,0.0007293946024799417,1,1371,PCNT,True
RT,186,V,0.0007293946024799417,1,1371,PCNT,True
RT,187,X,0.0014587892049598833,2,1371,PCNT,True
RT,187,I,0.9890590809628009,1356,1371,PCNT,False
RT,187,L,0.007293946024799417,10,1371,PCNT,False
RT,187,V,0.002188183807439825,3,1371,PCNT,False
RT,188,C,1.0,1371,1371,PCNT,False
RT,189,S,1.0,1371,1371,PCNT,False
RT,190,X,0.0007293946024799417,1,1371,PCNT,True
RT,190,V,0.9985412107950401,1369,1371,PCNT,False
RT,190,M,0.0007293946024799417,1,1371,PCNT,False
RT,191,V,0.9919766593727206,1360,1371,PCNT,False
RT,191,F,0.0007293946024799417,1,1371,PCNT,True
RT,191,I,0.005105762217359592,7,1371,PCNT,False
RT,191,X,0.002188183807439825,3,1371,PCNT,True
RT,192,R,0.9985412107950401,1369,1371,PCNT,False
RT,192,S,0.0007293946024799417,1,1371,PCNT,True
RT,192,L,0.0007293946024799417,1,1371,PCNT,True
RT,193,R,0.9897884755652808,1357,1371,PCNT,False
RT,193,M,0.0007293946024799417,1,1371,PCNT,True
RT,193,S,0.008023340627279359,11,1371,PCNT,False
RT,193,X,0.0014587892049598833,2,1371,PCNT,True
RT,194,A,0.987600291757841,1354,1371,PCNT,False
RT,194,D,0.0007293946024799417,1,1371,PCNT,True
RT,194,P,0.006564551422319475,9,1371,PCNT,True
RT,194,L,0.00437636761487965,6,1371,PCNT,True
RT,194,T,0.0007293946024799417,1,1371,PCNT,False
RT,195,F,0.9919766593727206,1360,1371,PCNT,False
RT,195,N,0.0007293946024799417,1,1371,PCNT,True
RT,195,S,0.0029175784099197666,4,1371,PCNT,False
RT,195,L,0.00437636761487965,6,1371,PCNT,True
RT,196,P,1.0,1371,1371,PCNT,False
RT,197,H,0.9985412107950401,1369,1371,PCNT,False
RT,197,R,0.0007293946024799417,1,1371,PCNT,True
RT,197,Q,0.0007293946024799417,1,1371,PCNT,True
RT,198,C,0.9978118161925602,1368,1371,PCNT,False
RT,198,R,0.0014587892049598833,2,1371,PCNT,True
RT,198,Y,0.0007293946024799417,1,1371,PCNT,True
RT,199,L,0.9992706053975201,1370,1371,PCNT,False
RT,199,V,0.0007293946024799417,1,1371,PCNT,False
RT,200,A,0.9985412107950401,1369,1371,PCNT,False
RT,200,V,0.0014587892049598833,2,1371,PCNT,False
RT,201,F,0.9992706053975201,1370,1371,PCNT,False
RT,201,Y,0.0007293946024799417,1,1371,PCNT,True
RT,202,S,0.9970824215900802,1367,1371,PCNT,False
RT,202,R,0.0007293946024799417,1,1371,PCNT,True
RT,202,I,0.0014587892049598833,2,1371,PCNT,True
RT,202,N,0.0007293946024799417,1,1371,PCNT,True
RT,203,Y,1.0,1371,1371,PCNT,False
RT,204,M,0.8862144420131292,1215,1371,PCNT,False
RT,204,V,0.10430342815463166,143,1371,PCNT,False
RT,204,I,0.0087527352297593,12,1371,PCNT,False
RT,204,T,0.0007293946024799417,1,1371,PCNT,True
RT,205,D,1.0,1371,1371,PCNT,False
RT,206,D,1.0,1371,1371,PCNT,False
RT,207,V,0.9533187454412837,1307,1371,PCNT,False
RT,207,L,0.010940919037199124,15,1371,PCNT,False
RT,207,I,0.029175784099197667,40,1371,PCNT,False
RT,207,M,0.0029175784099197666,4,1371,PCNT,False
RT,207,T,0.0007293946024799417,1,1371,PCNT,True
RT,207,G,0.002188183807439825,3,1371,PCNT,False
RT,207,X,0.0007293946024799417,1,1371,PCNT,True
RT,208,V,0.9985412107950401,1369,1371,PCNT,False
RT,208,L,0.0014587892049598833,2,1371,PCNT,True
RT,209,L,0.9978118161925602,1368,1371,PCNT,False
RT,209,X,0.0007293946024799417,1,1371,PCNT,True
RT,209,S,0.0014587892049598833,2,1371,PCNT,True
RT,210,G,0.9992706053975201,1370,1371,PCNT,False
RT,210,X,0.0007293946024799417,1,1371,PCNT,True
RT,211,A,0.9985412107950401,1369,1371,PCNT,False
RT,211,T,0.0007293946024799417,1,1371,PCNT,False
RT,211,S,0.0007293946024799417,1,1371,PCNT,True
RT,212,K,0.9897884755652808,1357,1371,PCNT,False
RT,212,T,0.005105762217359592,7,1371,PCNT,False
RT,212,R,0.0029175784099197666,4,1371,PCNT,False
RT,212,X,0.002188183807439825,3,1371,PCNT,True
RT,213,S,0.9832239241429613,1348,1371,PCNT,False
RT,213,T,0.016046681254558718,22,1371,PCNT,False
RT,213,X,0.0007293946024799417,1,1371,PCNT,True
RT,214,V,0.9817651349380014,1346,1371,PCNT,False
RT,214,I,0.0014587892049598833,2,1371,PCNT,False
RT,214,A,0.015317286652078774,21,1371,PCNT,False
RT,214,X,0.0014587892049598833,2,1371,PCNT,True
RT,215,Q,0.9948942377826404,1364,1371,PCNT,False
RT,215,Z,0.0007293946024799417,1,1371,PCNT,True
RT,215,E,0.0014587892049598833,2,1371,PCNT,True
RT,215,X,0.002188183807439825,3,1371,PCNT,True
RT,215,H,0.0007293946024799417,1,1371,PCNT,False
RT,216,H,0.9992706053975201,1370,1371,PCNT,False
RT,216,X,0.0007293946024799417,1,1371,PCNT,True
RT,217,R,0.6637490882567469,910,1371,PCNT,False
RT,217,L,0.33406272793581326,458,1371,PCNT,False
RT,217,X,0.0014587892049598833,2,1371,PCNT,True
RT,217,P,0.0007293946024799417,1,1371,PCNT,True
RT,218,E,0.9970824215900802,1367,1371,PCNT,False
RT,218,V,0.0007293946024799417,1,1371,PCNT,True
RT,218,D,0.0014587892049598833,2,1371,PCNT,False
RT,218,X,0.0007293946024799417,1,1371,PCNT,True
RT,219,S,0.8570386579139314,1175,1371,PCNT,False
RT,219,A,0.13858497447118892,190,1371,PCNT,False
RT,219,X,0.0036469730123997084,5,1371,PCNT,True
RT,219,F,0.0007293946024799417,1,1371,PCNT,True
RT,220,L,0.9985412107950401,1369,1371,PCNT,False
RT,220,I,0.0007293946024799417,1,1371,PCNT,False
RT,220,X,0.0007293946024799417,1,1371,PCNT,True
RT,221,F,0.01312910284463895,18,1371,PCNT,False
RT,221,Y,0.9854121079504011,1351,1371,PCNT,False
RT,221,X,0.0007293946024799417,1,1371,PCNT,True
RT,221,V,0.0007293946024799417,1,1371,PCNT,True
RT,222,T,0.9956236323851203,1365,1371,PCNT,False
RT,222,A,0.0007293946024799417,1,1371,PCNT,False
RT,222,X,0.002188183807439825,3,1371,PCNT,True
RT,222,V,0.0007293946024799417,1,1371,PCNT,True
RT,222,S,0.0007293946024799417,1,1371,PCNT,False
RT,223,A,0.9948942377826404,1364,1371,PCNT,False
RT,223,S,0.0007293946024799417,1,1371,PCNT,False
RT,223,G,0.0007293946024799417,1,1371,PCNT,True
RT,223,T,0.0029175784099197666,4,1371,PCNT,False
RT,223,P,0.0007293946024799417,1,1371,PCNT,True
RT,224,V,0.9956236323851203,1365,1371,PCNT,False
RT,224,I,0.0036469730123997084,5,1371,PCNT,False
RT,224,X,0.0007293946024799417,1,1371,PCNT,True
RT,225,T,0.9956236323851203,1365,1371,PCNT,False
RT,225,X,0.0007293946024799417,1,1371,PCNT,True
RT,225,A,0.0014587892049598833,2,1371,PCNT,True
RT,225,N,0.0007293946024799417,1,1371,PCNT,True
RT,225,C,0.0007293946024799417,1,1371,PCNT,True
RT,225,V,0.0007293946024799417,1,1371,PCNT,True
RT,226,N,0.9992706053975201,1370,1371,PCNT,False
RT,226,X,0.0007293946024799417,1,1371,PCNT,True
RT,227,F,1.0,1371,1371,PCNT,False
RT,228,L,0.9992706053975201,1370,1371,PCNT,False
RT,228,F,0.0007293946024799417,1,1371,PCNT,True
RT,229,L,0.9846827133479212,1350,1371,PCNT,False
RT,229,M,0.0029175784099197666,4,1371,PCNT,False
RT,229,F,0.0087527352297593,12,1371,PCNT,False
RT,229,V,0.0014587892049598833,2,1371,PCNT,False
RT,229,W,0.0007293946024799417,1,1371,PCNT,False
RT,229,X,0.0007293946024799417,1,1371,PCNT,True
RT,229,S,0.0007293946024799417,1,1371,PCNT,True
RT,230,S,0.9985412107950401,1369,1371,PCNT,False
RT,230,A,0.0007293946024799417,1,1371,PCNT,True
RT,230,Y,0.0007293946024799417,1,1371,PCNT,True
RT,231,L,0.9985412107950401,1369,1371,PCNT,False
RT,231,V,0.0007293946024799417,1,1371,PCNT,False
RT,231,X,0.0007293946024799417,1,1371,PCNT,True
RT,232,G,1.0,1371,1371,PCNT,False
RT,233,I,0.9970824215900802,1367,1371,PCNT,False
RT,233,X,0.0014587892049598833,2,1371,PCNT,True
RT,233,V,0.0014587892049598833,2,1371,PCNT,False
RT,234,H,0.9985412107950401,1369,1371,PCNT,False
RT,234,Q,0.0014587892049598833,2,1371,PCNT,False
RT,235,L,0.9992706053975201,1370,1371,PCNT,False
RT,235,I,0.0007293946024799417,1,1371,PCNT,False
RT,236,N,0.9985412107950401,1369,1371,PCNT,False
RT,236,S,0.0007293946024799417,1,1371,PCNT,True
RT,236,T,0.0007293946024799417,1,1371,PCNT,False
RT,237,P,0.9956236323851203,1365,1371,PCNT,False
RT,237,Q,0.0007293946024799417,1,1371,PCNT,True
RT,237,S,0.0007293946024799417,1,1371,PCNT,False
RT,237,T,0.0029175784099197666,4,1371,PCNT,False
RT,238,N,0.9839533187454412,1349,1371,PCNT,False
RT,238,K,0.0007293946024799417,1,1371,PCNT,True
RT,238,S,0.007293946024799417,10,1371,PCNT,False
RT,238,T,0.002188183807439825,3,1371,PCNT,False
RT,238,H,0.002188183807439825,3,1371,PCNT,False
RT,238,D,0.002188183807439825,3,1371,PCNT,False
RT,238,X,0.0007293946024799417,1,1371,PCNT,True
RT,238,I,0.0007293946024799417,1,1371,PCNT,True
RT,239,K,1.0,1371,1371,PCNT,False
RT,240,T,0.9985412107950401,1369,1371,PCNT,False
RT,240,X,0.0007293946024799417,1,1371,PCNT,True
RT,240,R,0.0007293946024799417,1,1371,PCNT,True
RT,241,K,0.9963530269876003,1366,1371,PCNT,False
RT,241,Y,0.0007293946024799417,1,1371,PCNT,True
RT,241,R,0.002188183807439825,3,1371,PCNT,False
RT,241,Q,0.0007293946024799417,1,1371,PCNT,False
RT,242,R,0.9970824215900802,1367,1371,PCNT,False
RT,242,K,0.0029175784099197666,4,1371,PCNT,True
RT,243,W,0.9992706053975201,1370,1371,PCNT,False
RT,243,R,0.0007293946024799417,1,1371,PCNT,True
RT,244,G,1.0,1371,1371,PCNT,False
RT,245,Y,1.0,1371,1371,PCNT,False
RT,246,S,0.9978118161925602,1368,1371,PCNT,False
RT,246,T,0.0007293946024799417,1,1371,PCNT,False
RT,246,A,0.0007293946024799417,1,1371,PCNT,True
RT,246,C,0.0007293946024799417,1,1371,PCNT,True
RT,247,L,1.0,1371,1371,PCNT,False
RT,248,N,0.975929978118162,1338,1371,PCNT,False
RT,248,H,0.02261123267687819,31,1371,PCNT,False
RT,248,K,0.0007293946024799417,1,1371,PCNT,True
RT,248,S,0.0007293946024799417,1,1371,PCNT,True
RT,249,F,0.9985412107950401,1369,1371,PCNT,False
RT,249,S,0.0007293946024799417,1,1371,PCNT,True
RT,249,L,0.0007293946024799417,1,1371,PCNT,True
RT,250,M,0.9978118161925602,1368,1371,PCNT,False
RT,250,K,0.0007293946024799417,1,1371,PCNT,True
RT,250,V,0.0007293946024799417,1,1371,PCNT,True
RT,250,R,0.0007293946024799417,1,1371,PCNT,True
RT,251,G,0.9992706053975201,1370,1371,PCNT,False
RT,251,V,0.0007293946024799417,1,1371,PCNT,True
RT,252,Y,0.9992706053975201,1370,1371,PCNT,False
RT,252,H,0.0007293946024799417,1,1371,PCNT,True
RT,253,V,0.41210795040116704,565,1371,PCNT,False
RT,253,I,0.5849744711889132,802,1371,PCNT,False
RT,253,L,0.0007293946024799417,1,1371,PCNT,True
RT,253,R,0.0007293946024799417,1,1371,PCNT,True
RT,253,T,0.0007293946024799417,1,1371,PCNT,False
RT,253,A,0.0007293946024799417,1,1371,PCNT,True
RT,254,I,1.0,1371,1371,PCNT,False
RT,255,G,1.0,1371,1371,PCNT,False
RT,256,S,0.9883296863603209,1355,1371,PCNT,False
RT,256,X,0.0014587892049598833,2,1371,PCNT,True
RT,256,C,0.006564551422319475,9,1371,PCNT,False
RT,256,G,0.0029175784099197666,4,1371,PCNT,False
RT,256,R,0.0007293946024799417,1,1371,PCNT,True
RT,257,W,1.0,1371,1371,PCNT,False
RT,258,G,0.9992706053975201,1370,1371,PCNT,False
RT,258,X,0.0007293946024799417,1,1371,PCNT,True
RT,259,T,0.913202042304887,1252,1371,PCNT,False
RT,259,S,0.08169219547775347,112,1371,PCNT,False
RT,259,A,0.00437636761487965,6,1371,PCNT,False
RT,259,N,0.0007293946024799417,1,1371,PCNT,True
RT,260,L,0.9992706053975201,1370,1371,PCNT,False
RT,260,M,0.0007293946024799417,1,1371,PCNT,True
RT,261,P,1.0,1371,1371,PCNT,False
RT,262,Q,1.0,1371,1371,PCNT,False
RT,263,D,0.9854121079504011,1351,1371,PCNT,False
RT,263,E,0.010211524434719184,14,1371,PCNT,False
RT,263,A,0.0029175784099197666,4,1371,PCNT,False
RT,263,N,0.0014587892049598833,2,1371,PCNT,False
RT,264,H,0.9992706053975201,1370,1371,PCNT,False
RT,264,X,0.0007293946024799417,1,1371,PCNT,True
RT,265,I,1.0,1371,1371,PCNT,False
RT,266,V,0.925601750547046,1269,1371,PCNT,False
RT,266,I,0.06637490882567469,91,1371,PCNT,False
RT,266,L,0.0007293946024799417,1,1371,PCNT,True
RT,266,R,0.002188183807439825,3,1371,PCNT,False
RT,266,E,0.0007293946024799417,1,1371,PCNT,True
RT,266,A,0.0014587892049598833,2,1371,PCNT,False
RT,266,K,0.0014587892049598833,2,1371,PCNT,False
RT,266,T,0.0007293946024799417,1,1371,PCNT,False
RT,266,Y,0.0007293946024799417,1,1371,PCNT,True
RT,267,Q,0.987600291757841,1354,1371,PCNT,False
RT,267,H,0.007293946024799417,10,1371,PCNT,False
RT,267,R,0.0007293946024799417,1,1371,PCNT,False
RT,267,K,0.0036469730123997084,5,1371,PCNT,False
RT,267,X,0.0007293946024799417,1,1371,PCNT,True
RT,268,K,0.9985412107950401,1369,1371,PCNT,False
RT,268,R,0.0007293946024799417,1,1371,PCNT,True
RT,268,T,0.0007293946024799417,1,1371,PCNT,True
RT,269,L,0.015317286652078774,21,1371,PCNT,False
RT,269,I,0.9832239241429613,1348,1371,PCNT,False
RT,269,X,0.0014587892049598833,2,1371,PCNT,True
RT,270,K,0.9927060539752006,1361,1371,PCNT,False
RT,270,T,0.0036469730123997084,5,1371,PCNT,False
RT,270,R,0.002188183807439825,3,1371,PCNT,False
RT,270,X,0.0007293946024799417,1,1371,PCNT,True
RT,270,N,0.0007293946024799417,1,1371,PCNT,True
RT,271,Q,0.019693654266958426,27,1371,PCNT,False
RT,271,H,0.8986141502552881,1232,1371,PCNT,False
RT,271,N,0.045951859956236324,63,1371,PCNT,False
RT,271,C,0.021152443471918306,29,1371,PCNT,False
RT,271,R,0.0007293946024799417,1,1371,PCNT,True
RT,271,D,0.010211524434719184,14,1371,PCNT,False
RT,271,S,0.0029175784099197666,4,1371,PCNT,False
RT,271,E,0.0007293946024799417,1,1371,PCNT,False
RT,272,C,1.0,1371,1371,PCNT,False
RT,273,F,0.9992706053975201,1370,1371,PCNT,False
RT,273,L,0.0007293946024799417,1,1371,PCNT,True
RT,274,R,0.9963530269876003,1366,1371,PCNT,False
RT,274,K,0.002188183807439825,3,1371,PCNT,False
RT,274,X,0.0014587892049598833,2,1371,PCNT,True
RT,275,K,0.9978118161925602,1368,1371,PCNT,False
RT,275,L,0.0007293946024799417,1,1371,PCNT,True
RT,275,N,0.0007293946024799417,1,1371,PCNT,False
RT,275,X,0.0007293946024799417,1,1371,PCNT,True
RT,276,L,0.9970824215900802,1367,1371,PCNT,False
RT,276,F,0.0007293946024799417,1,1371,PCNT,True
RT,276,I,0.0007293946024799417,1,1371,PCNT,False
RT,276,S,0.0007293946024799417,1,1371,PCNT,True
RT,276,X,0.0007293946024799417,1,1371,PCNT,True
RT,277,P,1.0,1371,1371,PCNT,False
RT,278,V,0.9700948212983224,1330,1371,PCNT,False
RT,278,I,0.025528811086797956,35,1371,PCNT,False
RT,278,L,0.002188183807439825,3,1371,PCNT,False
RT,278,X,0.002188183807439825,3,1371,PCNT,True
RT,279,N,0.9905178701677607,1358,1371,PCNT,False
RT,279,D,0.009482129832239242,13,1371,PCNT,False
RT,280,R,0.9992706053975201,1370,1371,PCNT,False
RT,280,X,0.0007293946024799417,1,1371,PCNT,True
RT,281,P,0.9992706053975201,1370,1371,PCNT,False
RT,281,X,0.0007293946024799417,1,1371,PCNT,True
RT,282,I,0.986870897155361,1353,1371,PCNT,False
RT,282,V,0.012399708242159009,17,1371,PCNT,False
RT,282,A,0.0007293946024799417,1,1371,PCNT,True
RT,283,D,1.0,1371,1371,PCNT,False
RT,284,W,1.0,1371,1371,PCNT,False
RT,285,K,0.9992706053975201,1370,1371,PCNT,False
RT,285,R,0.0007293946024799417,1,1371,PCNT,True
RT,286,V,0.9985412107950401,1369,1371,PCNT,False
RT,286,E,0.0007293946024799417,1,1371,PCNT,True
RT,286,I,0.0007293946024799417,1,1371,PCNT,False
RT,287,C,1.0,1371,1371,PCNT,False
RT,288,Q,1.0,1371,1371,PCNT,False
RT,289,R,0.9948942377826404,1364,1371,PCNT,False
RT,289,X,0.0029175784099197666,4,1371,PCNT,True
RT,289,K,0.002188183807439825,3,1371,PCNT,True
RT,290,I,1.0,1371,1371,PCNT,False
RT,291,V,0.9985412107950401,1369,1371,PCNT,False
RT,291,A,0.0007293946024799417,1,1371,PCNT,False
RT,291,G,0.0007293946024799417,1,1371,PCNT,True
RT,292,G,0.9992706053975201,1370,1371,PCNT,False
RT,292,S,0.0007293946024799417,1,1371,PCNT,True
RT,293,L,0.9992706053975201,1370,1371,PCNT,False
RT,293,F,0.0007293946024799417,1,1371,PCNT,True
RT,294,L,1.0,1371,1371,PCNT,False
RT,295,G,0.9992706053975201,1370,1371,PCNT,False
RT,295,A,0.0007293946024799417,1,1371,PCNT,True
RT,296,F,0.9970824215900802,1367,1371,PCNT,False
RT,296,L,0.0029175784099197666,4,1371,PCNT,True
RT,297,A,0.9985412107950401,1369,1371,PCNT,False
RT,297,V,0.0007293946024799417,1,1371,PCNT,True
RT,297,G,0.0007293946024799417,1,1371,PCNT,True
RT,298,A,0.9992706053975201,1370,1371,PCNT,False
RT,298,D,0.0007293946024799417,1,1371,PCNT,True
RT,299,P,0.9992706053975201,1370,1371,PCNT,False
RT,299,S,0.0007293946024799417,1,1371,PCNT,True
RT,300,F,0.9992706053975201,1370,1371,PCNT,False
RT,300,X,0.0007293946024799417,1,1371,PCNT,True
RT,301,T,0.9992706053975201,1370,1371,PCNT,False
RT,301,S,0.0007293946024799417,1,1371,PCNT,True
RT,302,Q,1.0,1371,1371,PCNT,False
RT,303,C,1.0,1371,1371,PCNT,False
RT,304,G,0.9992706053975201,1370,1371,PCNT,False
RT,304,E,0.0007293946024799417,1,1371,PCNT,True
RT,305,Y,1.0,1371,1371,PCNT,False
RT,306,P,1.0,1371,1371,PCNT,False
RT,307,A,1.0,1371,1371,PCNT,False
RT,308,L,0.9992706053975201,1370,1371,PCNT,False
RT,308,S,0.0007293946024799417,1,1371,PCNT,True
RT,309,M,0.9941648431801605,1363,1371,PCNT,False
RT,309,K,0.00437636761487965,6,1371,PCNT,False
RT,309,X,0.0014587892049598833,2,1371,PCNT,True
RT,310,P,1.0,1371,1371,PCNT,False
RT,311,L,1.0,1371,1371,PCNT,False
RT,312,Y,1.0,1371,1371,PCNT,False
RT,313,A,0.9985412107950401,1369,1371,PCNT,False
RT,313,T,0.0007293946024799417,1,1371,PCNT,False
RT,313,S,0.0007293946024799417,1,1371,PCNT,False
RT,314,S,0.007293946024799417,10,1371,PCNT,False
RT,314,C,0.9912472647702407,1359,1371,PCNT,False
RT,314,X,0.0007293946024799417,1,1371,PCNT,True
RT,314,Y,0.0007293946024799417,1,1371,PCNT,True
RT,315,I,0.9985412107950401,1369,1371,PCNT,False
RT,315,M,0.0014587892049598833,2,1371,PCNT,True
RT,316,Q,0.9992706053975201,1370,1371,PCNT,False
RT,316,H,0.0007293946024799417,1,1371,PCNT,False
RT,317,A,0.9905178701677607,1358,1371,PCNT,False
RT,317,S,0.007293946024799417,10,1371,PCNT,False
RT,317,T,0.002188183807439825,3,1371,PCNT,False
RT,318,K,0.925601750547046,1269,1371,PCNT,False
RT,318,R,0.07293946024799416,100,1371,PCNT,False
RT,318,N,0.0014587892049598833,2,1371,PCNT,True
RT,319,Q,0.9978118161925602,1368,1371,PCNT,False
RT,319,T,0.0007293946024799417,1,1371,PCNT,True
RT,319,R,0.0014587892049598833,2,1371,PCNT,False
RT,320,A,1.0,1371,1371,PCNT,False
RT,321,F,0.9992706053975201,1370,1371,PCNT,False
RT,321,S,0.0007293946024799417,1,1371,PCNT,True
RT,322,T,0.9963530269876003,1366,1371,PCNT,False
RT,322,S,0.0007293946024799417,1,1371,PCNT,False
RT,322,I,0.002188183807439825,3,1371,PCNT,False
RT,322,X,0.0007293946024799417,1,1371,PCNT,True
RT,323,F,0.9970824215900802,1367,1371,PCNT,False
RT,323,L,0.002188183807439825,3,1371,PCNT,True
RT,323,S,0.0007293946024799417,1,1371,PCNT,True
RT,324,S,1.0,1371,1371,PCNT,False
RT,325,P,0.9985412107950401,1369,1371,PCNT,False
RT,325,S,0.0007293946024799417,1,1371,PCNT,False
RT,325,L,0.0007293946024799417,1,1371,PCNT,False
RT,326,T,0.9978118161925602,1368,1371,PCNT,False
RT,326,P,0.0014587892049598833,2,1371,PCNT,False
RT,326,S,0.0007293946024799417,1,1371,PCNT,True
RT,327,Y,0.9992706053975201,1370,1371,PCNT,False
RT,327,F,0.0007293946024799417,1,1371,PCNT,True
RT,328,K,0.9978118161925602,1368,1371,PCNT,False
RT,328,Q,0.0007293946024799417,1,1371,PCNT,True
RT,328,R,0.0007293946024799417,1,1371,PCNT,True
RT,328,E,0.0007293946024799417,1,1371,PCNT,True
RT,329,A,0.9978118161925602,1368,1371,PCNT,False
RT,329,T,0.0014587892049598833,2,1371,PCNT,False
RT,329,P,0.0007293946024799417,1,1371,PCNT,True
RT,330,F,0.9992706053975201,1370,1371,PCNT,False
RT,330,L,0.0007293946024799417,1,1371,PCNT,True
RT,331,L,1.0,1371,1371,PCNT,False
RT,332,S,0.912472647702407,1251,1371,PCNT,False
RT,332,R,0.03646973012399708,50,1371,PCNT,False
RT,332,N,0.04230488694383661,58,1371,PCNT,False
RT,332,C,0.0036469730123997084,5,1371,PCNT,False
RT,332,K,0.0036469730123997084,5,1371,PCNT,True
RT,332,T,0.0007293946024799417,1,1371,PCNT,False
RT,332,X,0.0007293946024799417,1,1371,PCNT,True
RT,333,K,0.8708971553610503,1194,1371,PCNT,False
RT,333,E,0.0029175784099197666,4,1371,PCNT,False
RT,333,Q,0.0736688548504741,101,1371,PCNT,False
RT,333,A,0.0014587892049598833,2,1371,PCNT,True
RT,333,T,0.03355215171407731,46,1371,PCNT,False
RT,333,X,0.0014587892049598833,2,1371,PCNT,True
RT,333,H,0.008023340627279359,11,1371,PCNT,False
RT,333,N,0.007293946024799417,10,1371,PCNT,False
RT,333,D,0.0007293946024799417,1,1371,PCNT,True
RT,334,Q,0.9948942377826404,1364,1371,PCNT,False
RT,334,L,0.0036469730123997084,5,1371,PCNT,True
RT,334,R,0.0007293946024799417,1,1371,PCNT,True
RT,334,C,0.0007293946024799417,1,1371,PCNT,True
RT,335,Y,1.0,1371,1371,PCNT,False
RT,336,M,0.9175784099197666,1258,1371,PCNT,False
RT,336,L,0.0700218818380744,96,1371,PCNT,False
RT,336,V,0.005105762217359592,7,1371,PCNT,False
RT,336,R,0.0036469730123997084,5,1371,PCNT,False
RT,336,I,0.0007293946024799417,1,1371,PCNT,True
RT,336,X,0.0029175784099197666,4,1371,PCNT,True
RT,337,N,0.975929978118162,1338,1371,PCNT,False
RT,337,D,0.014587892049598834,20,1371,PCNT,False
RT,337,T,0.0036469730123997084,5,1371,PCNT,False
RT,337,H,0.0036469730123997084,5,1371,PCNT,False
RT,337,Y,0.0007293946024799417,1,1371,PCNT,False
RT,337,B,0.0007293946024799417,1,1371,PCNT,True
RT,337,X,0.0007293946024799417,1,1371,PCNT,True
RT,338,L,0.9985412107950401,1369,1371,PCNT,False
RT,338,X,0.0007293946024799417,1,1371,PCNT,True
RT,338,P,0.0007293946024799417,1,1371,PCNT,True
RT,339,Y,0.9985412107950401,1369,1371,PCNT,False
RT,339,C,0.0007293946024799417,1,1371,PCNT,True
RT,339,N,0.0007293946024799417,1,1371,PCNT,True
RT,340,P,0.9985412107950401,1369,1371,PCNT,False
RT,340,X,0.0007293946024799417,1,1371,PCNT,True
RT,340,L,0.0007293946024799417,1,1371,PCNT,True
RT,341,V,0.9992706053975201,1370,1371,PCNT,False
RT,341,A,0.0007293946024799417,1,1371,PCNT,True
RT,342,A,0.9992706053975201,1370,1371,PCNT,False
RT,342,P,0.0007293946024799417,1,1371,PCNT,True
RT,343,R,1.0,1371,1371,PCNT,False
RT,344,Q,0.9985412107950401,1369,1371,PCNT,False
RT,344,H,0.0007293946024799417,1,1371,PCNT,True
RT,344,X,0.0007293946024799417,1,1371,PCNT,True
